HDR,ROLLING SYSTEM DEMAND,
VD,2.02203E+13,27819
VD,2.02203E+13,27792
VD,2.02203E+13,27763
VD,2.02203E+13,27709
VD,2.02203E+13,27698
VD,2.02203E+13,27690
VD,2.02203E+13,27704
VD,2.02203E+13,28170
VD,2.02203E+13,28341
VD,2.02203E+13,28513
VD,2.02203E+13,28518
VD,2.02203E+13,28439
VD,2.02203E+13,28186
VD,2.02203E+13,28118
VD,2.02203E+13,28082
VD,2.02203E+13,27963
VD,2.02203E+13,27809
VD,2.02203E+13,27603
VD,2.02203E+13,27490
VD,2.02203E+13,27433
VD,2.02203E+13,27381
VD,2.02203E+13,27320
VD,2.02203E+13,27330
VD,2.02203E+13,27312
VD,2.02203E+13,27168
VD,2.02203E+13,27341
VD,2.02203E+13,27305
VD,2.02203E+13,27335
VD,2.02203E+13,27300
VD,2.02203E+13,27169
VD,2.02203E+13,27141
VD,2.02203E+13,27074
VD,2.02203E+13,26964
VD,2.02203E+13,26881
VD,2.02203E+13,26821
VD,2.02203E+13,26789
VD,2.02203E+13,26760
VD,2.02203E+13,26656
VD,2.02203E+13,26553
VD,2.02203E+13,26540
VD,2.02203E+13,26463
VD,2.02203E+13,26415
VD,2.02203E+13,26407
VD,2.02203E+13,26384
VD,2.02203E+13,26374
VD,2.02203E+13,26342
VD,2.02203E+13,26302
VD,2.02203E+13,26246
VD,2.02203E+13,26219
VD,2.02203E+13,26102
VD,2.02203E+13,26389
VD,2.02203E+13,26362
VD,2.02203E+13,26336
VD,2.02203E+13,26334
VD,2.02203E+13,26323
VD,2.02203E+13,26385
VD,2.02203E+13,26396
VD,2.02203E+13,26353
VD,2.02203E+13,26283
VD,2.02203E+13,26235
VD,2.02203E+13,26347
VD,2.02203E+13,26920
VD,2.02203E+13,27462
VD,2.02203E+13,27493
VD,2.02203E+13,27567
VD,2.02203E+13,27536
VD,2.02203E+13,27588
VD,2.02203E+13,27741
VD,2.02203E+13,27979
VD,2.02203E+13,28141
VD,2.02203E+13,28218
VD,2.02203E+13,28634
VD,2.02203E+13,28867
VD,2.02203E+13,29444
VD,2.02203E+13,29848
VD,2.02203E+13,30299
VD,2.02203E+13,30741
VD,2.02203E+13,31216
VD,2.02203E+13,31730
VD,2.02203E+13,32304
VD,2.02203E+13,32664
VD,2.02203E+13,32972
VD,2.02203E+13,33366
VD,2.02203E+13,33704
VD,2.02203E+13,34119
VD,2.02203E+13,34523
VD,2.02203E+13,34912
VD,2.02203E+13,35344
VD,2.02203E+13,35705
VD,2.02203E+13,36035
VD,2.02203E+13,36176
VD,2.02203E+13,36065
VD,2.02203E+13,36336
VD,2.02203E+13,36481
VD,2.02203E+13,36536
VD,2.02203E+13,36691
VD,2.02203E+13,36575
VD,2.02203E+13,37132
VD,2.02203E+13,37286
VD,2.02203E+13,37485
VD,2.02203E+13,37490
VD,2.02203E+13,37353
VD,2.02203E+13,37400
VD,2.02203E+13,37391
VD,2.02203E+13,37362
VD,2.02203E+13,37246
VD,2.02203E+13,37340
VD,2.02203E+13,37522
VD,2.02203E+13,37917
VD,2.02203E+13,37890
VD,2.02203E+13,37807
VD,2.02203E+13,37814
VD,2.02203E+13,37843
VD,2.02203E+13,37839
VD,2.02203E+13,37852
VD,2.02203E+13,37913
VD,2.02203E+13,37907
VD,2.02203E+13,37927
VD,2.02203E+13,37998
VD,2.02203E+13,37961
VD,2.02203E+13,37778
VD,2.02203E+13,37837
VD,2.02203E+13,37830
VD,2.02203E+13,37795
VD,2.02203E+13,37884
VD,2.02203E+13,37959
VD,2.02203E+13,37942
VD,2.02203E+13,37977
VD,2.02203E+13,38004
VD,2.02203E+13,38082
VD,2.02203E+13,38187
VD,2.02203E+13,38223
VD,2.02203E+13,38211
VD,2.02203E+13,38148
VD,2.02203E+13,38155
VD,2.02203E+13,38107
VD,2.02203E+13,37903
VD,2.02203E+13,37901
VD,2.02203E+13,37845
VD,2.02203E+13,37782
VD,2.02203E+13,37691
VD,2.02203E+13,37666
VD,2.02203E+13,37660
VD,2.02203E+13,37709
VD,2.02203E+13,37767
VD,2.02203E+13,37816
VD,2.02203E+13,37869
VD,2.02203E+13,37875
VD,2.02203E+13,37865
VD,2.02203E+13,37791
VD,2.02203E+13,37743
VD,2.02203E+13,37754
VD,2.02203E+13,37741
VD,2.02203E+13,37730
VD,2.02203E+13,37740
VD,2.02203E+13,37718
VD,2.02203E+13,37586
VD,2.02203E+13,37509
VD,2.02203E+13,37416
VD,2.02203E+13,37369
VD,2.02203E+13,37298
VD,2.02203E+13,37252
VD,2.02203E+13,37059
VD,2.02203E+13,36979
VD,2.02203E+13,36818
VD,2.02203E+13,36738
VD,2.02203E+13,36741
VD,2.02203E+13,36580
VD,2.02203E+13,36470
VD,2.02203E+13,36406
VD,2.02203E+13,36404
VD,2.02203E+13,36431
VD,2.02203E+13,36471
VD,2.02203E+13,36443
VD,2.02203E+13,36395
VD,2.02203E+13,36429
VD,2.02203E+13,36575
VD,2.02203E+13,36617
VD,2.02203E+13,36593
VD,2.02203E+13,36616
VD,2.02203E+13,36767
VD,2.02203E+13,36752
VD,2.02203E+13,36795
VD,2.02203E+13,36853
VD,2.02203E+13,36985
VD,2.02203E+13,37160
VD,2.02203E+13,37206
VD,2.02203E+13,37294
VD,2.02203E+13,37445
VD,2.02203E+13,37576
VD,2.02203E+13,37764
VD,2.02203E+13,37843
VD,2.02203E+13,38121
VD,2.02203E+13,38220
VD,2.02203E+13,38325
VD,2.02203E+13,38367
VD,2.02203E+13,38444
VD,2.02203E+13,38602
VD,2.02203E+13,38668
VD,2.02203E+13,38564
VD,2.02203E+13,38744
VD,2.02203E+13,38940
VD,2.02203E+13,39255
VD,2.02203E+13,39477
VD,2.02203E+13,39606
VD,2.02203E+13,39810
VD,2.02203E+13,39948
VD,2.02203E+13,40092
VD,2.02203E+13,40489
VD,2.02203E+13,40816
VD,2.02203E+13,40895
VD,2.02203E+13,41080
VD,2.02203E+13,41084
VD,2.02203E+13,41080
VD,2.02203E+13,41301
VD,2.02203E+13,41447
VD,2.02203E+13,41586
VD,2.02203E+13,41852
VD,2.02203E+13,41878
VD,2.02203E+13,41601
VD,2.02203E+13,41748
VD,2.02203E+13,41862
VD,2.02203E+13,41910
VD,2.02203E+13,41851
VD,2.02203E+13,41758
VD,2.02203E+13,41749
VD,2.02203E+13,41584
VD,2.02203E+13,41495
VD,2.02203E+13,41272
VD,2.02203E+13,41064
VD,2.02203E+13,41300
VD,2.02203E+13,41056
VD,2.02203E+13,40908
VD,2.02203E+13,40647
VD,2.02203E+13,40384
VD,2.02203E+13,40115
VD,2.02203E+13,39943
VD,2.02203E+13,39564
VD,2.02203E+13,39474
VD,2.02203E+13,39451
VD,2.02203E+13,39134
VD,2.02203E+13,38677
VD,2.02203E+13,38507
VD,2.02203E+13,38358
VD,2.02203E+13,38121
VD,2.02203E+13,37728
VD,2.02203E+13,37436
VD,2.02203E+13,37122
VD,2.02203E+13,36947
VD,2.02203E+13,36705
VD,2.02203E+13,36512
VD,2.02203E+13,36433
VD,2.02203E+13,36275
VD,2.02203E+13,35767
VD,2.02203E+13,35477
VD,2.02203E+13,35440
VD,2.02203E+13,35227
VD,2.02203E+13,34726
VD,2.02203E+13,34220
VD,2.02203E+13,34002
VD,2.02203E+13,33657
VD,2.02203E+13,33387
VD,2.02203E+13,33076
VD,2.02203E+13,32637
VD,2.02203E+13,32446
VD,2.02203E+13,32466
VD,2.02203E+13,32216
VD,2.02203E+13,31922
VD,2.02203E+13,31689
VD,2.02203E+13,31253
VD,2.02203E+13,31007
VD,2.02203E+13,30856
VD,2.02203E+13,30578
VD,2.02203E+13,30415
VD,2.02203E+13,30096
VD,2.02203E+13,29762
VD,2.02203E+13,29333
VD,2.02203E+13,28583
VD,2.02203E+13,28209
VD,2.02203E+13,27832
VD,2.02203E+13,27538
VD,2.02203E+13,27228
VD,2.02203E+13,26907
VD,2.02203E+13,26761
VD,2.02203E+13,26668
VD,2.02203E+13,26575
VD,2.02203E+13,26456
VD,2.02203E+13,26349
VD,2.02203E+13,26398
VD,2.02203E+13,26382
VD,2.02203E+13,26348
VD,2.02203E+13,26418
VD,2.02203E+13,26376
VD,2.02203E+13,26109
VD,2.02203E+13,25963
VD,2.02203E+13,26272
VD,2.02203E+13,26484
VD,2.02203E+13,26521
VD,2.02203E+13,26504
VD,2.02203E+13,26456
VD,2.02203E+13,26406
VD,2.02203E+13,26696
VD,2.02203E+13,26789
VD,2.02203E+13,26684
VD,2.02203E+13,26608
VD,2.02203E+13,26571
VD,2.02203E+13,26473
VD,2.02203E+13,26602
VD,2.02203E+13,26870
VD,2.02203E+13,26979
VD,2.02203E+13,26830
VD,2.02203E+13,26805
VD,2.02203E+13,26805
VD,2.02203E+13,26876
VD,2.02203E+13,26986
VD,2.02203E+13,26806
VD,2.02203E+13,26680
VD,2.02203E+13,26727
VD,2.02203E+13,26660
VD,2.02203E+13,26592
VD,2.02203E+13,26578
VD,2.02203E+13,26597
VD,2.02203E+13,26615
VD,2.02203E+13,26604
VD,2.02203E+13,26612
VD,2.02203E+13,26689
VD,2.02203E+13,26828
VD,2.02203E+13,26795
VD,2.02203E+13,26714
VD,2.02203E+13,26582
VD,2.02203E+13,26486
VD,2.02203E+13,26436
VD,2.02203E+13,26409
VD,2.02203E+13,26347
VD,2.02203E+13,26266
VD,2.02203E+13,26305
VD,2.02203E+13,26466
VD,2.02203E+13,26833
VD,2.02203E+13,27126
VD,2.02203E+13,27075
VD,2.02203E+13,27060
VD,2.02203E+13,27066
VD,2.02203E+13,27115
VD,2.02203E+13,27255
VD,2.02203E+13,27257
VD,2.02203E+13,27297
VD,2.02203E+13,27077
VD,2.02203E+13,26875
VD,2.02203E+13,26729
VD,2.02203E+13,26810
VD,2.02203E+13,27180
VD,2.02203E+13,27363
VD,2.02203E+13,27451
VD,2.02203E+13,27553
VD,2.02203E+13,27705
VD,2.02203E+13,27856
VD,2.02203E+13,28067
VD,2.02203E+13,28207
VD,2.02203E+13,28601
VD,2.02203E+13,28961
VD,2.02203E+13,29361
VD,2.02203E+13,30051
VD,2.02203E+13,30676
VD,2.02203E+13,31178
VD,2.02203E+13,31533
VD,2.02203E+13,31961
VD,2.02203E+13,32565
VD,2.02203E+13,32967
VD,2.02203E+13,33303
VD,2.02203E+13,33686
VD,2.02203E+13,34112
VD,2.02203E+13,34567
VD,2.02203E+13,34790
VD,2.02203E+13,35060
VD,2.02203E+13,35824
VD,2.02203E+13,36132
VD,2.02203E+13,36229
VD,2.02203E+13,36411
VD,2.02203E+13,36585
VD,2.02203E+13,36760
VD,2.02203E+13,36894
VD,2.02203E+13,37113
VD,2.02203E+13,37279
VD,2.02203E+13,37593
VD,2.02203E+13,37608
VD,2.02203E+13,37256
VD,2.02203E+13,37338
VD,2.02203E+13,37464
VD,2.02203E+13,37639
VD,2.02203E+13,37879
VD,2.02203E+13,37971
VD,2.02203E+13,38013
VD,2.02203E+13,38049
VD,2.02203E+13,38192
VD,2.02203E+13,38233
VD,2.02203E+13,38358
VD,2.02203E+13,38270
VD,2.02203E+13,38564
VD,2.02203E+13,38665
VD,2.02203E+13,38688
VD,2.02203E+13,38878
VD,2.02203E+13,38962
VD,2.02203E+13,39102
VD,2.02203E+13,39140
VD,2.02203E+13,39150
VD,2.02203E+13,39218
VD,2.02203E+13,39244
VD,2.02203E+13,39240
VD,2.02203E+13,39281
VD,2.02203E+13,39606
VD,2.02203E+13,39725
VD,2.02203E+13,39972
VD,2.02203E+13,40155
VD,2.02203E+13,40337
VD,2.02203E+13,40407
VD,2.02203E+13,40454
VD,2.02203E+13,40337
VD,2.02203E+13,40289
VD,2.02203E+13,40309
VD,2.02203E+13,40293
VD,2.02203E+13,40145
VD,2.02203E+13,40079
VD,2.02203E+13,40261
VD,2.02203E+13,40330
VD,2.02203E+13,40199
VD,2.02203E+13,40281
VD,2.02203E+13,40246
VD,2.02203E+13,40309
VD,2.02203E+13,40303
VD,2.02203E+13,40295
VD,2.02203E+13,40325
VD,2.02203E+13,40317
VD,2.02203E+13,40343
VD,2.02203E+13,40426
VD,2.02203E+13,40424
VD,2.02203E+13,40228
VD,2.02203E+13,40327
VD,2.02203E+13,40337
VD,2.02203E+13,40323
VD,2.02203E+13,40381
VD,2.02203E+13,40379
VD,2.02203E+13,40364
VD,2.02203E+13,40312
VD,2.02203E+13,40267
VD,2.02203E+13,40257
VD,2.02203E+13,40303
VD,2.02203E+13,40192
VD,2.02203E+13,40136
VD,2.02203E+13,40103
VD,2.02203E+13,39983
VD,2.02203E+13,39886
VD,2.02203E+13,39896
VD,2.02203E+13,39909
VD,2.02203E+13,39897
VD,2.02203E+13,39812
VD,2.02203E+13,39606
VD,2.02203E+13,39390
VD,2.02203E+13,39134
VD,2.02203E+13,39118
VD,2.02203E+13,39260
VD,2.02203E+13,39346
VD,2.02203E+13,39321
VD,2.02203E+13,39319
VD,2.02203E+13,39270
VD,2.02203E+13,39248
VD,2.02203E+13,39168
VD,2.02203E+13,38965
VD,2.02203E+13,38751
VD,2.02203E+13,38620
VD,2.02203E+13,38472
VD,2.02203E+13,38412
VD,2.02203E+13,38508
VD,2.02203E+13,38566
VD,2.02203E+13,38639
VD,2.02203E+13,38836
VD,2.02203E+13,39243
VD,2.02203E+13,39263
VD,2.02203E+13,39585
VD,2.02203E+13,39757
VD,2.02203E+13,39791
VD,2.02203E+13,39940
VD,2.02203E+13,40175
VD,2.02203E+13,40524
VD,2.02203E+13,40528
VD,2.02203E+13,40432
VD,2.02203E+13,40373
VD,2.02203E+13,40446
VD,2.02203E+13,40480
VD,2.02203E+13,40631
VD,2.02203E+13,40792
VD,2.02203E+13,40997
VD,2.02203E+13,41307
VD,2.02203E+13,41720
VD,2.02203E+13,42192
VD,2.02203E+13,42413
VD,2.02203E+13,42519
VD,2.02203E+13,42641
VD,2.02203E+13,42782
VD,2.02203E+13,42932
VD,2.02203E+13,42840
VD,2.02203E+13,42960
VD,2.02203E+13,43081
VD,2.02203E+13,43246
VD,2.02203E+13,43270
VD,2.02203E+13,43302
VD,2.02203E+13,43464
VD,2.02203E+13,43373
VD,2.02203E+13,43283
VD,2.02203E+13,43200
VD,2.02203E+13,43062
VD,2.02203E+13,42881
VD,2.02203E+13,42717
VD,2.02203E+13,42633
VD,2.02203E+13,42460
VD,2.02203E+13,42306
VD,2.02203E+13,42107
VD,2.02203E+13,41931
VD,2.02203E+13,41471
VD,2.02203E+13,41396
VD,2.02203E+13,41113
VD,2.02203E+13,40933
VD,2.02203E+13,40562
VD,2.02203E+13,40240
VD,2.02203E+13,40195
VD,2.02203E+13,40023
VD,2.02203E+13,39833
VD,2.02203E+13,39726
VD,2.02203E+13,39541
VD,2.02203E+13,39295
VD,2.02203E+13,39137
VD,2.02203E+13,38987
VD,2.02203E+13,38769
VD,2.02203E+13,38511
VD,2.02203E+13,38232
VD,2.02203E+13,37902
VD,2.02203E+13,37548
VD,2.02203E+13,37192
VD,2.02203E+13,36976
VD,2.02203E+13,36812
VD,2.02203E+13,36614
VD,2.02203E+13,36236
VD,2.02203E+13,36136
VD,2.02203E+13,35844
VD,2.02203E+13,35538
VD,2.02203E+13,35199
VD,2.02203E+13,34915
VD,2.02203E+13,34664
VD,2.02203E+13,34629
VD,2.02203E+13,34465
VD,2.02203E+13,33884
VD,2.02203E+13,33588
VD,2.02203E+13,33090
VD,2.02203E+13,32726
VD,2.02203E+13,32483
VD,2.02203E+13,32287
VD,2.02203E+13,32039
VD,2.02203E+13,31607
VD,2.02203E+13,31271
VD,2.02203E+13,31041
VD,2.02203E+13,30921
VD,2.02203E+13,30708
VD,2.02203E+13,30368
VD,2.02203E+13,30068
VD,2.02203E+13,29667
VD,2.02203E+13,29486
VD,2.02203E+13,29519
VD,2.02203E+13,29170
VD,2.02203E+13,28801
VD,2.02203E+13,28513
VD,2.02203E+13,28215
VD,2.02203E+13,28130
VD,2.02203E+13,28232
VD,2.02203E+13,28207
VD,2.02203E+13,28202
VD,2.02203E+13,28125
VD,2.02203E+13,27995
VD,2.02203E+13,27821
VD,2.02203E+13,27978
VD,2.02203E+13,28081
VD,2.02203E+13,28196
VD,2.02203E+13,28190
VD,2.02203E+13,28262
VD,2.02203E+13,28301
VD,2.02203E+13,28501
VD,2.02203E+13,28548
VD,2.02203E+13,28489
VD,2.02203E+13,28423
VD,2.02203E+13,28488
VD,2.02203E+13,28400
VD,2.02203E+13,28896
VD,2.02203E+13,28893
VD,2.02203E+13,28831
VD,2.02203E+13,28696
VD,2.02203E+13,28504
VD,2.02203E+13,28463
VD,2.02203E+13,28398
VD,2.02203E+13,28437
VD,2.02203E+13,28358
VD,2.02203E+13,28337
VD,2.02203E+13,28226
VD,2.02203E+13,27784
VD,2.02203E+13,27632
VD,2.02203E+13,27577
VD,2.02203E+13,27603
VD,2.02203E+13,27598
VD,2.02203E+13,27510
VD,2.02203E+13,27469
VD,2.02203E+13,27380
VD,2.02203E+13,27312
VD,2.02203E+13,27225
VD,2.02203E+13,27180
VD,2.02203E+13,27039
VD,2.02203E+13,26918
VD,2.02203E+13,26572
VD,2.02203E+13,26518
VD,2.02203E+13,26713
VD,2.02203E+13,26887
VD,2.02203E+13,26937
VD,2.02203E+13,26933
VD,2.02203E+13,27063
VD,2.02203E+13,27041
VD,2.02203E+13,26994
VD,2.02203E+13,27004
VD,2.02203E+13,26991
VD,2.02203E+13,26946
VD,2.02203E+13,26891
VD,2.02203E+13,27002
VD,2.02203E+13,26968
VD,2.02203E+13,26891
VD,2.02203E+13,26879
VD,2.02203E+13,26832
VD,2.02203E+13,26667
VD,2.02203E+13,26550
VD,2.02203E+13,26447
VD,2.02203E+13,26315
VD,2.02203E+13,26247
VD,2.02203E+13,26150
VD,2.02203E+13,26103
VD,2.02203E+13,26305
VD,2.02203E+13,26494
VD,2.02203E+13,26587
VD,2.02203E+13,26872
VD,2.02203E+13,26953
VD,2.02203E+13,27306
VD,2.02203E+13,27664
VD,2.02203E+13,27958
VD,2.02203E+13,28153
VD,2.02203E+13,28538
VD,2.02203E+13,28776
VD,2.02203E+13,29376
VD,2.02203E+13,30088
VD,2.02203E+13,30680
VD,2.02203E+13,31157
VD,2.02203E+13,31595
VD,2.02203E+13,31744
VD,2.02203E+13,32087
VD,2.02203E+13,32488
VD,2.02203E+13,32813
VD,2.02203E+13,33111
VD,2.02203E+13,33495
VD,2.02203E+13,33916
VD,2.02203E+13,34016
VD,2.02203E+13,34239
VD,2.02203E+13,34664
VD,2.02203E+13,34949
VD,2.02203E+13,35248
VD,2.02203E+13,35318
VD,2.02203E+13,35287
VD,2.02203E+13,35313
VD,2.02203E+13,35430
VD,2.02203E+13,35582
VD,2.02203E+13,35762
VD,2.02203E+13,35988
VD,2.02203E+13,36695
VD,2.02203E+13,37154
VD,2.02203E+13,37314
VD,2.02203E+13,37376
VD,2.02203E+13,37015
VD,2.02203E+13,37056
VD,2.02203E+13,37146
VD,2.02203E+13,37508
VD,2.02203E+13,37515
VD,2.02203E+13,37636
VD,2.02203E+13,37822
VD,2.02203E+13,37981
VD,2.02203E+13,38085
VD,2.02203E+13,38344
VD,2.02203E+13,38229
VD,2.02203E+13,38359
VD,2.02203E+13,38299
VD,2.02203E+13,38286
VD,2.02203E+13,38121
VD,2.02203E+13,38042
VD,2.02203E+13,37986
VD,2.02203E+13,38078
VD,2.02203E+13,38019
VD,2.02203E+13,37961
VD,2.02203E+13,38029
VD,2.02203E+13,38081
VD,2.02203E+13,38045
VD,2.02203E+13,38111
VD,2.02203E+13,38146
VD,2.02203E+13,38171
VD,2.02203E+13,38274
VD,2.02203E+13,38157
VD,2.02203E+13,38168
VD,2.02203E+13,38285
VD,2.02203E+13,38307
VD,2.02203E+13,38303
VD,2.02203E+13,38389
VD,2.02203E+13,38328
VD,2.02203E+13,38330
VD,2.02203E+13,38418
VD,2.02203E+13,38389
VD,2.02203E+13,38412
VD,2.02203E+13,38429
VD,2.02203E+13,38427
VD,2.02203E+13,38475
VD,2.02203E+13,38531
VD,2.02203E+13,38578
VD,2.02203E+13,38524
VD,2.02203E+13,38559
VD,2.02203E+13,38613
VD,2.02203E+13,38703
VD,2.02203E+13,38711
VD,2.02203E+13,38822
VD,2.02203E+13,38805
VD,2.02203E+13,38746
VD,2.02203E+13,38747
VD,2.02203E+13,38793
VD,2.02203E+13,38883
VD,2.02203E+13,38822
VD,2.02203E+13,38769
VD,2.02203E+13,38794
VD,2.02203E+13,38898
VD,2.02203E+13,38788
VD,2.02203E+13,38687
VD,2.02203E+13,38627
VD,2.02203E+13,38454
VD,2.02203E+13,38373
VD,2.02203E+13,38337
VD,2.02203E+13,38259
VD,2.02203E+13,38246
VD,2.02203E+13,38184
VD,2.02203E+13,38158
VD,2.02203E+13,38224
VD,2.02203E+13,38328
VD,2.02203E+13,38341
VD,2.02203E+13,38369
VD,2.02203E+13,38196
VD,2.02203E+13,37982
VD,2.02203E+13,37967
VD,2.02203E+13,37957
VD,2.02203E+13,37725
VD,2.02203E+13,37707
VD,2.02203E+13,37691
VD,2.02203E+13,37704
VD,2.02203E+13,37871
VD,2.02203E+13,37970
VD,2.02203E+13,37992
VD,2.02203E+13,37922
VD,2.02203E+13,37944
VD,2.02203E+13,37840
VD,2.02203E+13,37770
VD,2.02203E+13,37943
VD,2.02203E+13,38172
VD,2.02203E+13,38376
VD,2.02203E+13,38431
VD,2.02203E+13,38564
VD,2.02203E+13,38582
VD,2.02203E+13,38641
VD,2.02203E+13,38714
VD,2.02203E+13,38675
VD,2.02203E+13,38781
VD,2.02203E+13,38832
VD,2.02203E+13,38903
VD,2.02203E+13,39098
VD,2.02203E+13,39447
VD,2.02203E+13,39567
VD,2.02203E+13,39759
VD,2.02203E+13,39818
VD,2.02203E+13,40048
VD,2.02203E+13,40231
VD,2.02203E+13,40414
VD,2.02203E+13,40593
VD,2.02203E+13,40876
VD,2.02203E+13,40972
VD,2.02203E+13,41060
VD,2.02203E+13,41069
VD,2.02203E+13,41144
VD,2.02203E+13,41439
VD,2.02203E+13,41567
VD,2.02203E+13,41665
VD,2.02203E+13,41725
VD,2.02203E+13,41673
VD,2.02203E+13,41618
VD,2.02203E+13,41611
VD,2.02203E+13,41684
VD,2.02203E+13,41638
VD,2.02203E+13,41725
VD,2.02203E+13,41721
VD,2.02203E+13,41652
VD,2.02203E+13,41768
VD,2.02203E+13,41806
VD,2.02203E+13,41612
VD,2.02203E+13,41267
VD,2.02203E+13,41120
VD,2.02203E+13,40879
VD,2.02203E+13,40773
VD,2.02203E+13,40532
VD,2.02203E+13,40287
VD,2.02203E+13,40121
VD,2.02203E+13,40081
VD,2.02203E+13,39851
VD,2.02203E+13,39611
VD,2.02203E+13,39373
VD,2.02203E+13,39040
VD,2.02203E+13,38956
VD,2.02203E+13,38792
VD,2.02203E+13,38624
VD,2.02203E+13,38437
VD,2.02203E+13,38316
VD,2.02203E+13,38093
VD,2.02203E+13,37791
VD,2.02203E+13,37480
VD,2.02203E+13,37259
VD,2.02203E+13,37187
VD,2.02203E+13,37040
VD,2.02203E+13,36507
VD,2.02203E+13,36198
VD,2.02203E+13,35876
VD,2.02203E+13,35503
VD,2.02203E+13,35134
VD,2.02203E+13,34985
VD,2.02203E+13,34763
VD,2.02203E+13,34449
VD,2.02203E+13,34250
VD,2.02203E+13,33778
VD,2.02203E+13,33512
VD,2.02203E+13,33255
VD,2.02203E+13,33039
VD,2.02203E+13,32641
VD,2.02203E+13,32414
VD,2.02203E+13,32042
VD,2.02203E+13,31776
VD,2.02203E+13,31570
VD,2.02203E+13,31382
VD,2.02203E+13,31139
VD,2.02203E+13,30865
VD,2.02203E+13,30586
VD,2.02203E+13,30335
VD,2.02203E+13,30108
VD,2.02203E+13,29755
VD,2.02203E+13,29640
VD,2.02203E+13,29585
VD,2.02203E+13,29755
VD,2.02203E+13,29596
VD,2.02203E+13,29357
VD,2.02203E+13,29189
VD,2.02203E+13,29123
VD,2.02203E+13,29032
VD,2.02203E+13,28842
VD,2.02203E+13,28631
VD,2.02203E+13,28323
VD,2.02203E+13,28297
VD,2.02203E+13,28548
VD,2.02203E+13,28701
VD,2.02203E+13,28614
VD,2.02203E+13,28546
VD,2.02203E+13,28497
VD,2.02203E+13,28514
VD,2.02203E+13,28659
VD,2.02203E+13,28670
VD,2.02203E+13,28684
VD,2.02203E+13,28708
VD,2.02203E+13,28641
VD,2.02203E+13,28598
VD,2.02203E+13,28872
VD,2.02203E+13,28839
VD,2.02203E+13,28789
VD,2.02203E+13,28709
VD,2.02203E+13,28623
VD,2.02203E+13,28526
VD,2.02203E+13,28478
VD,2.02203E+13,28426
VD,2.02203E+13,28388
VD,2.02203E+13,28302
VD,2.02203E+13,28203
VD,2.02203E+13,28113
VD,2.02203E+13,27635
VD,2.02203E+13,27573
VD,2.02203E+13,27577
VD,2.02203E+13,27538
VD,2.02203E+13,27444
VD,2.02203E+13,27353
VD,2.02203E+13,27503
VD,2.02203E+13,27550
VD,2.02203E+13,27466
VD,2.02203E+13,27407
VD,2.02203E+13,27366
VD,2.02203E+13,27319
VD,2.02203E+13,27093
VD,2.02203E+13,26881
VD,2.02203E+13,26910
VD,2.02203E+13,26936
VD,2.02203E+13,26904
VD,2.02203E+13,26824
VD,2.02203E+13,26773
VD,2.02203E+13,26762
VD,2.02203E+13,26705
VD,2.02203E+13,26630
VD,2.02203E+13,26572
VD,2.02203E+13,26508
VD,2.02203E+13,26410
VD,2.02203E+13,26383
VD,2.02203E+13,26452
VD,2.02203E+13,26420
VD,2.02203E+13,26402
VD,2.02203E+13,26379
VD,2.02203E+13,26388
VD,2.02203E+13,26395
VD,2.02203E+13,26342
VD,2.02203E+13,26376
VD,2.02203E+13,26433
VD,2.02203E+13,26468
VD,2.02203E+13,26618
VD,2.02203E+13,26693
VD,2.02203E+13,26674
VD,2.02203E+13,26603
VD,2.02203E+13,26595
VD,2.02203E+13,26668
VD,2.02203E+13,26860
VD,2.02203E+13,27139
VD,2.02203E+13,27484
VD,2.02203E+13,27769
VD,2.02203E+13,27908
VD,2.02203E+13,28167
VD,2.02203E+13,28740
VD,2.02203E+13,29163
VD,2.02203E+13,29462
VD,2.02203E+13,29991
VD,2.02203E+13,30311
VD,2.02203E+13,30732
VD,2.02203E+13,31158
VD,2.02203E+13,31576
VD,2.02203E+13,31905
VD,2.02203E+13,32396
VD,2.02203E+13,32805
VD,2.02203E+13,32954
VD,2.02203E+13,33862
VD,2.02203E+13,34360
VD,2.02203E+13,34747
VD,2.02203E+13,35204
VD,2.02203E+13,35667
VD,2.02203E+13,35773
VD,2.02203E+13,35850
VD,2.02203E+13,35989
VD,2.02203E+13,36304
VD,2.02203E+13,36438
VD,2.02203E+13,36579
VD,2.02203E+13,36774
VD,2.02203E+13,37211
VD,2.02203E+13,37439
VD,2.02203E+13,37520
VD,2.02203E+13,37517
VD,2.02203E+13,37639
VD,2.02203E+13,37565
VD,2.02203E+13,37452
VD,2.02203E+13,37527
VD,2.02203E+13,37650
VD,2.02203E+13,37744
VD,2.02203E+13,37846
VD,2.02203E+13,37889
VD,2.02203E+13,38068
VD,2.02203E+13,38168
VD,2.02203E+13,38159
VD,2.02203E+13,38199
VD,2.02203E+13,38242
VD,2.02203E+13,38213
VD,2.02203E+13,38246
VD,2.02203E+13,38260
VD,2.02203E+13,38106
VD,2.02203E+13,38110
VD,2.02203E+13,38049
VD,2.02203E+13,38008
VD,2.02203E+13,38013
VD,2.02203E+13,38035
VD,2.02203E+13,38017
VD,2.02203E+13,37973
VD,2.02203E+13,37896
VD,2.02203E+13,37887
VD,2.02203E+13,37916
VD,2.02203E+13,37938
VD,2.02203E+13,37891
VD,2.02203E+13,37890
VD,2.02203E+13,37831
VD,2.02203E+13,37782
VD,2.02203E+13,37696
VD,2.02203E+13,37798
VD,2.02203E+13,37812
VD,2.02203E+13,37840
VD,2.02203E+13,37834
VD,2.02203E+13,37792
VD,2.02203E+13,37743
VD,2.02203E+13,37677
VD,2.02203E+13,37603
VD,2.02203E+13,37574
VD,2.02203E+13,37597
VD,2.02203E+13,37635
VD,2.02203E+13,37583
VD,2.02203E+13,37568
VD,2.02203E+13,37512
VD,2.02203E+13,37502
VD,2.02203E+13,37419
VD,2.02203E+13,37354
VD,2.02203E+13,37337
VD,2.02203E+13,37265
VD,2.02203E+13,37203
VD,2.02203E+13,37153
VD,2.02203E+13,37081
VD,2.02203E+13,36957
VD,2.02203E+13,36893
VD,2.02203E+13,36801
VD,2.02203E+13,36751
VD,2.02203E+13,36624
VD,2.02203E+13,36530
VD,2.02203E+13,36395
VD,2.02203E+13,36374
VD,2.02203E+13,36312
VD,2.02203E+13,36114
VD,2.02203E+13,36002
VD,2.02203E+13,36009
VD,2.02203E+13,35982
VD,2.02203E+13,36217
VD,2.02203E+13,36218
VD,2.02203E+13,36151
VD,2.02203E+13,36106
VD,2.02203E+13,35971
VD,2.02203E+13,35869
VD,2.02203E+13,35916
VD,2.02203E+13,35857
VD,2.02203E+13,35944
VD,2.02203E+13,36067
VD,2.02203E+13,36099
VD,2.02203E+13,36094
VD,2.02203E+13,36074
VD,2.02203E+13,36018
VD,2.02203E+13,35997
VD,2.02203E+13,35875
VD,2.02203E+13,35842
VD,2.02203E+13,35881
VD,2.02203E+13,35876
VD,2.02203E+13,35910
VD,2.02203E+13,36032
VD,2.02203E+13,36208
VD,2.02203E+13,36330
VD,2.02203E+13,36644
VD,2.02203E+13,36793
VD,2.02203E+13,36871
VD,2.02203E+13,36986
VD,2.02203E+13,37006
VD,2.02203E+13,37077
VD,2.02203E+13,37171
VD,2.02203E+13,37213
VD,2.02203E+13,37362
VD,2.02203E+13,37522
VD,2.02203E+13,37718
VD,2.02203E+13,37968
VD,2.02203E+13,38197
VD,2.02203E+13,38559
VD,2.02203E+13,38779
VD,2.02203E+13,38906
VD,2.02203E+13,39020
VD,2.02203E+13,39227
VD,2.02203E+13,39245
VD,2.02203E+13,39384
VD,2.02203E+13,39628
VD,2.02203E+13,39918
VD,2.02203E+13,40067
VD,2.02203E+13,40096
VD,2.02203E+13,40176
VD,2.02203E+13,40204
VD,2.02203E+13,40452
VD,2.02203E+13,40618
VD,2.02203E+13,40722
VD,2.02203E+13,40985
VD,2.02203E+13,40957
VD,2.02203E+13,40930
VD,2.02203E+13,40881
VD,2.02203E+13,40790
VD,2.02203E+13,40702
VD,2.02203E+13,40615
VD,2.02203E+13,40187
VD,2.02203E+13,39880
VD,2.02203E+13,39655
VD,2.02203E+13,39392
VD,2.02203E+13,39178
VD,2.02203E+13,38818
VD,2.02203E+13,38645
VD,2.02203E+13,38392
VD,2.02203E+13,38327
VD,2.02203E+13,38175
VD,2.02203E+13,37954
VD,2.02203E+13,37533
VD,2.02203E+13,37131
VD,2.02203E+13,37231
VD,2.02203E+13,37148
VD,2.02203E+13,36900
VD,2.02203E+13,36751
VD,2.02203E+13,36655
VD,2.02203E+13,36348
VD,2.02203E+13,35967
VD,2.02203E+13,35800
VD,2.02203E+13,35640
VD,2.02203E+13,35461
VD,2.02203E+13,35096
VD,2.02203E+13,34833
VD,2.02203E+13,34770
VD,2.02203E+13,34531
VD,2.02203E+13,34151
VD,2.02203E+13,33931
VD,2.02203E+13,33671
VD,2.02203E+13,33352
VD,2.02203E+13,33162
VD,2.02203E+13,33012
VD,2.02203E+13,32672
VD,2.02203E+13,32492
VD,2.02203E+13,32335
VD,2.02203E+13,32023
VD,2.02203E+13,31689
VD,2.02203E+13,31388
VD,2.02203E+13,31093
VD,2.02203E+13,30719
VD,2.02203E+13,30367
VD,2.02203E+13,30132
VD,2.02203E+13,29987
VD,2.02203E+13,29597
VD,2.02203E+13,29326
VD,2.02203E+13,29183
VD,2.02203E+13,28886
VD,2.02203E+13,28700
VD,2.02203E+13,28522
VD,2.02203E+13,28033
VD,2.02203E+13,27830
VD,2.02203E+13,27681
VD,2.02203E+13,27515
VD,2.02203E+13,27369
VD,2.02203E+13,27253
VD,2.02203E+13,27142
VD,2.02203E+13,26942
VD,2.02203E+13,26714
VD,2.02203E+13,26642
VD,2.02203E+13,26589
VD,2.02203E+13,26643
VD,2.02203E+13,26672
VD,2.02203E+13,26636
VD,2.02203E+13,26565
VD,2.02203E+13,26464
VD,2.02203E+13,26446
VD,2.02203E+13,26719
VD,2.02203E+13,26966
VD,2.02203E+13,26949
VD,2.02203E+13,26884
VD,2.02203E+13,26739
VD,2.02203E+13,26376
VD,2.02203E+13,26256
VD,2.02203E+13,26138
VD,2.02203E+13,26019
VD,2.02203E+13,25908
VD,2.02203E+13,25798
VD,2.02203E+13,25707
VD,2.02203E+13,25596
VD,2.02203E+13,25519
VD,2.02203E+13,25484
VD,2.02203E+13,25436
VD,2.02203E+13,25250
VD,2.02203E+13,25282
VD,2.02203E+13,25232
VD,2.02203E+13,25296
VD,2.02203E+13,25234
VD,2.02203E+13,25249
VD,2.02203E+13,25259
VD,2.02203E+13,25231
VD,2.02203E+13,25260
VD,2.02203E+13,25189
VD,2.02203E+13,25127
VD,2.02203E+13,25021
VD,2.02203E+13,24922
VD,2.02203E+13,24801
VD,2.02203E+13,24613
VD,2.02203E+13,24475
VD,2.02203E+13,24474
VD,2.02203E+13,24401
VD,2.02203E+13,24263
VD,2.02203E+13,24155
VD,2.02203E+13,24158
VD,2.02203E+13,24162
VD,2.02203E+13,24131
VD,2.02203E+13,24148
VD,2.02203E+13,24185
VD,2.02203E+13,24048
VD,2.02203E+13,23827
VD,2.02203E+13,23892
VD,2.02203E+13,23908
VD,2.02203E+13,23900
VD,2.02203E+13,23872
VD,2.02203E+13,23945
VD,2.02203E+13,24025
VD,2.02203E+13,24022
VD,2.02203E+13,23909
VD,2.02203E+13,23925
VD,2.02203E+13,24018
VD,2.02203E+13,24058
VD,2.02203E+13,23925
VD,2.02203E+13,23948
VD,2.02203E+13,23974
VD,2.02203E+13,24001
VD,2.02203E+13,24025
VD,2.02203E+13,23943
VD,2.02203E+13,23911
VD,2.02203E+13,23950
VD,2.02203E+13,23891
VD,2.02203E+13,23989
VD,2.02203E+13,24021
VD,2.02203E+13,24236
VD,2.02203E+13,24783
VD,2.02203E+13,25140
VD,2.02203E+13,25480
VD,2.02203E+13,25754
VD,2.02203E+13,25781
VD,2.02203E+13,25737
VD,2.02203E+13,25841
VD,2.02203E+13,25918
VD,2.02203E+13,26136
VD,2.02203E+13,26273
VD,2.02203E+13,26511
VD,2.02203E+13,26579
VD,2.02203E+13,26925
VD,2.02203E+13,27235
VD,2.02203E+13,27472
VD,2.02203E+13,27681
VD,2.02203E+13,27859
VD,2.02203E+13,27970
VD,2.02203E+13,28045
VD,2.02203E+13,28105
VD,2.02203E+13,28290
VD,2.02203E+13,28540
VD,2.02203E+13,28713
VD,2.02203E+13,28992
VD,2.02203E+13,29290
VD,2.02203E+13,29672
VD,2.02203E+13,30071
VD,2.02203E+13,30175
VD,2.02203E+13,30258
VD,2.02203E+13,30326
VD,2.02203E+13,30420
VD,2.02203E+13,30415
VD,2.02203E+13,30490
VD,2.02203E+13,30588
VD,2.02203E+13,30645
VD,2.02203E+13,30781
VD,2.02203E+13,30907
VD,2.02203E+13,31086
VD,2.02203E+13,31226
VD,2.02203E+13,31455
VD,2.02203E+13,31623
VD,2.02203E+13,31495
VD,2.02203E+13,31465
VD,2.02203E+13,31508
VD,2.02203E+13,31474
VD,2.02203E+13,31537
VD,2.02203E+13,31600
VD,2.02203E+13,31637
VD,2.02203E+13,31793
VD,2.02203E+13,31792
VD,2.02203E+13,31773
VD,2.02203E+13,31686
VD,2.02203E+13,31634
VD,2.02203E+13,31562
VD,2.02203E+13,31524
VD,2.02203E+13,31558
VD,2.02203E+13,31593
VD,2.02203E+13,31614
VD,2.02203E+13,31622
VD,2.02203E+13,31549
VD,2.02203E+13,31418
VD,2.02203E+13,31591
VD,2.02203E+13,31441
VD,2.02203E+13,31297
VD,2.02203E+13,31390
VD,2.02203E+13,31425
VD,2.02203E+13,31405
VD,2.02203E+13,31352
VD,2.02203E+13,31371
VD,2.02203E+13,31284
VD,2.02203E+13,31256
VD,2.02203E+13,31328
VD,2.02203E+13,31332
VD,2.02203E+13,31291
VD,2.02203E+13,31189
VD,2.02203E+13,31165
VD,2.02203E+13,31215
VD,2.02203E+13,31195
VD,2.02203E+13,31169
VD,2.02203E+13,31137
VD,2.02203E+13,30989
VD,2.02203E+13,30995
VD,2.02203E+13,30930
VD,2.02203E+13,30849
VD,2.02203E+13,30894
VD,2.02203E+13,30675
VD,2.02203E+13,30548
VD,2.02203E+13,30579
VD,2.02203E+13,30575
VD,2.02203E+13,30560
VD,2.02203E+13,30591
VD,2.02203E+13,30537
VD,2.02203E+13,30452
VD,2.02203E+13,30448
VD,2.02203E+13,30382
VD,2.02203E+13,30354
VD,2.02203E+13,30308
VD,2.02203E+13,30270
VD,2.02203E+13,30250
VD,2.02203E+13,30272
VD,2.02203E+13,30244
VD,2.02203E+13,30238
VD,2.02203E+13,30198
VD,2.02203E+13,30138
VD,2.02203E+13,30113
VD,2.02203E+13,30204
VD,2.02203E+13,30358
VD,2.02203E+13,30525
VD,2.02203E+13,30549
VD,2.02203E+13,30522
VD,2.02203E+13,30725
VD,2.02203E+13,30768
VD,2.02203E+13,30837
VD,2.02203E+13,30908
VD,2.02203E+13,31066
VD,2.02203E+13,30932
VD,2.02203E+13,31095
VD,2.02203E+13,31267
VD,2.02203E+13,31528
VD,2.02203E+13,31758
VD,2.02203E+13,31960
VD,2.02203E+13,32201
VD,2.02203E+13,32382
VD,2.02203E+13,32600
VD,2.02203E+13,32833
VD,2.02203E+13,33032
VD,2.02203E+13,33382
VD,2.02203E+13,33741
VD,2.02203E+13,33903
VD,2.02203E+13,34054
VD,2.02203E+13,34227
VD,2.02203E+13,34518
VD,2.02203E+13,34969
VD,2.02203E+13,35269
VD,2.02203E+13,35523
VD,2.02203E+13,35850
VD,2.02203E+13,36059
VD,2.02203E+13,36301
VD,2.02203E+13,36318
VD,2.02203E+13,36369
VD,2.02203E+13,36506
VD,2.02203E+13,36766
VD,2.02203E+13,36931
VD,2.02203E+13,37159
VD,2.02203E+13,37360
VD,2.02203E+13,37480
VD,2.02203E+13,37648
VD,2.02203E+13,37646
VD,2.02203E+13,37777
VD,2.02203E+13,37780
VD,2.02203E+13,37669
VD,2.02203E+13,37613
VD,2.02203E+13,37564
VD,2.02203E+13,37486
VD,2.02203E+13,37303
VD,2.02203E+13,37035
VD,2.02203E+13,36950
VD,2.02203E+13,36940
VD,2.02203E+13,36623
VD,2.02203E+13,36261
VD,2.02203E+13,36076
VD,2.02203E+13,35915
VD,2.02203E+13,35804
VD,2.02203E+13,35760
VD,2.02203E+13,35775
VD,2.02203E+13,35588
VD,2.02203E+13,35327
VD,2.02203E+13,35121
VD,2.02203E+13,34994
VD,2.02203E+13,34920
VD,2.02203E+13,34762
VD,2.02203E+13,34617
VD,2.02203E+13,34528
VD,2.02203E+13,34406
VD,2.02203E+13,34167
VD,2.02203E+13,33947
VD,2.02203E+13,33786
VD,2.02203E+13,33667
VD,2.02203E+13,33541
VD,2.02203E+13,33194
VD,2.02203E+13,32831
VD,2.02203E+13,32584
VD,2.02203E+13,32451
VD,2.02203E+13,32344
VD,2.02203E+13,32032
VD,2.02203E+13,31767
VD,2.02203E+13,31659
VD,2.02203E+13,31508
VD,2.02203E+13,31152
VD,2.02203E+13,31068
VD,2.02203E+13,30925
VD,2.02203E+13,30712
VD,2.02203E+13,30319
VD,2.02203E+13,30288
VD,2.02203E+13,29898
VD,2.02203E+13,29551
VD,2.02203E+13,29286
VD,2.02203E+13,29192
VD,2.02203E+13,29154
VD,2.02203E+13,28963
VD,2.02203E+13,28759
VD,2.02203E+13,28624
VD,2.02203E+13,28429
VD,2.02203E+13,28237
VD,2.02203E+13,28190
VD,2.02203E+13,27924
VD,2.02203E+13,27520
VD,2.02203E+13,27248
VD,2.02203E+13,27014
VD,2.02203E+13,26709
VD,2.02203E+13,26534
VD,2.02203E+13,26415
VD,2.02203E+13,26214
VD,2.02203E+13,25973
VD,2.02203E+13,25774
VD,2.02203E+13,25622
VD,2.02203E+13,25947
VD,2.02203E+13,25980
VD,2.02203E+13,26026
VD,2.02203E+13,25937
VD,2.02203E+13,25854
VD,2.02203E+13,25808
VD,2.02203E+13,26135
VD,2.02203E+13,26280
VD,2.02203E+13,26296
VD,2.02203E+13,26252
VD,2.02203E+13,26181
VD,2.02203E+13,26208
VD,2.02203E+13,26453
VD,2.02203E+13,26562
VD,2.02203E+13,26551
VD,2.02203E+13,26427
VD,2.02203E+13,26416
VD,2.02203E+13,26273
VD,2.02203E+13,26224
VD,2.02203E+13,26169
VD,2.02203E+13,26033
VD,2.02203E+13,25880
VD,2.02203E+13,25737
VD,2.02203E+13,25639
VD,2.02203E+13,25615
VD,2.02203E+13,25569
VD,2.02203E+13,25524
VD,2.02203E+13,25442
VD,2.02203E+13,25459
VD,2.02203E+13,25425
VD,2.02203E+13,25395
VD,2.02203E+13,25328
VD,2.02203E+13,25207
VD,2.02203E+13,25199
VD,2.02203E+13,25189
VD,2.02203E+13,25139
VD,2.02203E+13,25134
VD,2.02203E+13,25049
VD,2.02203E+13,24993
VD,2.02203E+13,24873
VD,2.02203E+13,24840
VD,2.02203E+13,24900
VD,2.02203E+13,24792
VD,2.02203E+13,24707
VD,2.02203E+13,24626
VD,2.02203E+13,24655
VD,2.02203E+13,24576
VD,2.02203E+13,24549
VD,2.02203E+13,24511
VD,2.02203E+13,24492
VD,2.02203E+13,24490
VD,2.02203E+13,24334
VD,2.02203E+13,24224
VD,2.02203E+13,24202
VD,2.02203E+13,24264
VD,2.02203E+13,24346
VD,2.02203E+13,24341
VD,2.02203E+13,24089
VD,2.02203E+13,24086
VD,2.02203E+13,24097
VD,2.02203E+13,24233
VD,2.02203E+13,24277
VD,2.02203E+13,24278
VD,2.02203E+13,24222
VD,2.02203E+13,24276
VD,2.02203E+13,24363
VD,2.02203E+13,24412
VD,2.02203E+13,24500
VD,2.02203E+13,24543
VD,2.02203E+13,24595
VD,2.02203E+13,24675
VD,2.02203E+13,24731
VD,2.02203E+13,24939
VD,2.02203E+13,24988
VD,2.02203E+13,25072
VD,2.02203E+13,25104
VD,2.02203E+13,25018
VD,2.02203E+13,25034
VD,2.02203E+13,25131
VD,2.02203E+13,25160
VD,2.02203E+13,25253
VD,2.02203E+13,25395
VD,2.02203E+13,25551
VD,2.02203E+13,25671
VD,2.02203E+13,25928
VD,2.02203E+13,26089
VD,2.02203E+13,26257
VD,2.02203E+13,26464
VD,2.02203E+13,26623
VD,2.02203E+13,26730
VD,2.02203E+13,26825
VD,2.02203E+13,26903
VD,2.02203E+13,27006
VD,2.02203E+13,27154
VD,2.02203E+13,27377
VD,2.02203E+13,27643
VD,2.02203E+13,27814
VD,2.02203E+13,27921
VD,2.02203E+13,28065
VD,2.02203E+13,28128
VD,2.02203E+13,28315
VD,2.02203E+13,28484
VD,2.02203E+13,28580
VD,2.02203E+13,28741
VD,2.02203E+13,28845
VD,2.02203E+13,28920
VD,2.02203E+13,29049
VD,2.02203E+13,29186
VD,2.02203E+13,29437
VD,2.02203E+13,29562
VD,2.02203E+13,29634
VD,2.02203E+13,29816
VD,2.02203E+13,29956
VD,2.02203E+13,30048
VD,2.02203E+13,30355
VD,2.02203E+13,30239
VD,2.02203E+13,30268
VD,2.02203E+13,30390
VD,2.02203E+13,30469
VD,2.02203E+13,30573
VD,2.02203E+13,30609
VD,2.02203E+13,30696
VD,2.02203E+13,30732
VD,2.02203E+13,30724
VD,2.02203E+13,30761
VD,2.02203E+13,30829
VD,2.02203E+13,31018
VD,2.02203E+13,31159
VD,2.02203E+13,31127
VD,2.02203E+13,31117
VD,2.02203E+13,31212
VD,2.02203E+13,31151
VD,2.02203E+13,31149
VD,2.02203E+13,31116
VD,2.02203E+13,31008
VD,2.02203E+13,30985
VD,2.02203E+13,30968
VD,2.02203E+13,31031
VD,2.02203E+13,31105
VD,2.02203E+13,31120
VD,2.02203E+13,31150
VD,2.02203E+13,31099
VD,2.02203E+13,31025
VD,2.02203E+13,31128
VD,2.02203E+13,31296
VD,2.02203E+13,31438
VD,2.02203E+13,31599
VD,2.02203E+13,31715
VD,2.02203E+13,31691
VD,2.02203E+13,31686
VD,2.02203E+13,31634
VD,2.02203E+13,31593
VD,2.02203E+13,31568
VD,2.02203E+13,31568
VD,2.02203E+13,31205
VD,2.02203E+13,31172
VD,2.02203E+13,31414
VD,2.02203E+13,31291
VD,2.02203E+13,30900
VD,2.02203E+13,30816
VD,2.02203E+13,30697
VD,2.02203E+13,30677
VD,2.02203E+13,30681
VD,2.02203E+13,30620
VD,2.02203E+13,30555
VD,2.02203E+13,30500
VD,2.02203E+13,30453
VD,2.02203E+13,30467
VD,2.02203E+13,30514
VD,2.02203E+13,30494
VD,2.02203E+13,30372
VD,2.02203E+13,30246
VD,2.02203E+13,30182
VD,2.02203E+13,30198
VD,2.02203E+13,30207
VD,2.02203E+13,30110
VD,2.02203E+13,30090
VD,2.02203E+13,30198
VD,2.02203E+13,30669
VD,2.02203E+13,30804
VD,2.02203E+13,30856
VD,2.02203E+13,30932
VD,2.02203E+13,31159
VD,2.02203E+13,31284
VD,2.02203E+13,31379
VD,2.02203E+13,31410
VD,2.02203E+13,31603
VD,2.02203E+13,31832
VD,2.02203E+13,32100
VD,2.02203E+13,32197
VD,2.02203E+13,32297
VD,2.02203E+13,32524
VD,2.02203E+13,32766
VD,2.02203E+13,32999
VD,2.02203E+13,33299
VD,2.02203E+13,33799
VD,2.02203E+13,34246
VD,2.02203E+13,34515
VD,2.02203E+13,34733
VD,2.02203E+13,35018
VD,2.02203E+13,35295
VD,2.02203E+13,35559
VD,2.02203E+13,35904
VD,2.02203E+13,36250
VD,2.02203E+13,36545
VD,2.02203E+13,36744
VD,2.02203E+13,37046
VD,2.02203E+13,37326
VD,2.02203E+13,37664
VD,2.02203E+13,37953
VD,2.02203E+13,38036
VD,2.02203E+13,38070
VD,2.02203E+13,38116
VD,2.02203E+13,38252
VD,2.02203E+13,38417
VD,2.02203E+13,38500
VD,2.02203E+13,38788
VD,2.02203E+13,38954
VD,2.02203E+13,39054
VD,2.02203E+13,39227
VD,2.02203E+13,39336
VD,2.02203E+13,39364
VD,2.02203E+13,39447
VD,2.02203E+13,39449
VD,2.02203E+13,39385
VD,2.02203E+13,39388
VD,2.02203E+13,39310
VD,2.02203E+13,39087
VD,2.02203E+13,38979
VD,2.02203E+13,38866
VD,2.02203E+13,38659
VD,2.02203E+13,38442
VD,2.02203E+13,38185
VD,2.02203E+13,37955
VD,2.02203E+13,37651
VD,2.02203E+13,37421
VD,2.02203E+13,37372
VD,2.02203E+13,37328
VD,2.02203E+13,37145
VD,2.02203E+13,36871
VD,2.02203E+13,36913
VD,2.02203E+13,36915
VD,2.02203E+13,36804
VD,2.02203E+13,36582
VD,2.02203E+13,36382
VD,2.02203E+13,36081
VD,2.02203E+13,35694
VD,2.02203E+13,35343
VD,2.02203E+13,35051
VD,2.02203E+13,34872
VD,2.02203E+13,34689
VD,2.02203E+13,34464
VD,2.02203E+13,34283
VD,2.02203E+13,33949
VD,2.02203E+13,33679
VD,2.02203E+13,33402
VD,2.02203E+13,33150
VD,2.02203E+13,32920
VD,2.02203E+13,32683
VD,2.02203E+13,32511
VD,2.02203E+13,32350
VD,2.02203E+13,32042
VD,2.02203E+13,31765
VD,2.02203E+13,31612
VD,2.02203E+13,31124
VD,2.02203E+13,30841
VD,2.02203E+13,30587
VD,2.02203E+13,30077
VD,2.02203E+13,29871
VD,2.02203E+13,29572
VD,2.02203E+13,29480
VD,2.02203E+13,29333
VD,2.02203E+13,29008
VD,2.02203E+13,28861
VD,2.02203E+13,28704
VD,2.02203E+13,28601
VD,2.02203E+13,28069
VD,2.02203E+13,27857
VD,2.02203E+13,27723
VD,2.02203E+13,27534
VD,2.02203E+13,27220
VD,2.02203E+13,26939
VD,2.02203E+13,26832
VD,2.02203E+13,26731
VD,2.02203E+13,26593
VD,2.02203E+13,26420
VD,2.02203E+13,26283
VD,2.02203E+13,26293
VD,2.02203E+13,26666
VD,2.02203E+13,26837
VD,2.02203E+13,26788
VD,2.02203E+13,26735
VD,2.02203E+13,26650
VD,2.02203E+13,26646
VD,2.02203E+13,27032
VD,2.02203E+13,27209
VD,2.02203E+13,27231
VD,2.02203E+13,27227
VD,2.02203E+13,27220
VD,2.02203E+13,27274
VD,2.02203E+13,27029
VD,2.02203E+13,26976
VD,2.02203E+13,27031
VD,2.02203E+13,26998
VD,2.02203E+13,26908
VD,2.02203E+13,26824
VD,2.02203E+13,26710
VD,2.02203E+13,26641
VD,2.02203E+13,26560
VD,2.02203E+13,26398
VD,2.02203E+13,26364
VD,2.02203E+13,26300
VD,2.02203E+13,26340
VD,2.02203E+13,26312
VD,2.02203E+13,26269
VD,2.02203E+13,26151
VD,2.02203E+13,26030
VD,2.02203E+13,25974
VD,2.02203E+13,26027
VD,2.02203E+13,26012
VD,2.02203E+13,26002
VD,2.02203E+13,25995
VD,2.02203E+13,26015
VD,2.02203E+13,26055
VD,2.02203E+13,25889
VD,2.02203E+13,25879
VD,2.02203E+13,25774
VD,2.02203E+13,25645
VD,2.02203E+13,25582
VD,2.02203E+13,25517
VD,2.02203E+13,25558
VD,2.02203E+13,25560
VD,2.02203E+13,25526
VD,2.02203E+13,25445
VD,2.02203E+13,25361
VD,2.02203E+13,25377
VD,2.02203E+13,25324
VD,2.02203E+13,25422
VD,2.02203E+13,25447
VD,2.02203E+13,25488
VD,2.02203E+13,25435
VD,2.02203E+13,25369
VD,2.02203E+13,25435
VD,2.02203E+13,25446
VD,2.02203E+13,25486
VD,2.02203E+13,25481
VD,2.02203E+13,25481
VD,2.02203E+13,25555
VD,2.02203E+13,25725
VD,2.02203E+13,25756
VD,2.02203E+13,25913
VD,2.02203E+13,26099
VD,2.02203E+13,26260
VD,2.02203E+13,26392
VD,2.02203E+13,26553
VD,2.02203E+13,26996
VD,2.02203E+13,27123
VD,2.02203E+13,27490
VD,2.02203E+13,27828
VD,2.02203E+13,28295
VD,2.02203E+13,29091
VD,2.02203E+13,29561
VD,2.02203E+13,30153
VD,2.02203E+13,30653
VD,2.02203E+13,31119
VD,2.02203E+13,31311
VD,2.02203E+13,31677
VD,2.02203E+13,32024
VD,2.02203E+13,32616
VD,2.02203E+13,32939
VD,2.02203E+13,33402
VD,2.02203E+13,33790
VD,2.02203E+13,34519
VD,2.02203E+13,34733
VD,2.02203E+13,35014
VD,2.02203E+13,35445
VD,2.02203E+13,35774
VD,2.02203E+13,35952
VD,2.02203E+13,36092
VD,2.02203E+13,36134
VD,2.02203E+13,36444
VD,2.02203E+13,36572
VD,2.02203E+13,36732
VD,2.02203E+13,36987
VD,2.02203E+13,37176
VD,2.02203E+13,37298
VD,2.02203E+13,37556
VD,2.02203E+13,37784
VD,2.02203E+13,37930
VD,2.02203E+13,37933
VD,2.02203E+13,37986
VD,2.02203E+13,37977
VD,2.02203E+13,38014
VD,2.02203E+13,38135
VD,2.02203E+13,38162
VD,2.02203E+13,38193
VD,2.02203E+13,38485
VD,2.02203E+13,38653
VD,2.02203E+13,38851
VD,2.02203E+13,38777
VD,2.02203E+13,38677
VD,2.02203E+13,38585
VD,2.02203E+13,38613
VD,2.02203E+13,38625
VD,2.02203E+13,38615
VD,2.02203E+13,38613
VD,2.02203E+13,38573
VD,2.02203E+13,38522
VD,2.02203E+13,38365
VD,2.02203E+13,38359
VD,2.02203E+13,38414
VD,2.02203E+13,38437
VD,2.02203E+13,38437
VD,2.02203E+13,38226
VD,2.02203E+13,38200
VD,2.02203E+13,38126
VD,2.02203E+13,38055
VD,2.02203E+13,37983
VD,2.02203E+13,37743
VD,2.02203E+13,37566
VD,2.02203E+13,37398
VD,2.02203E+13,37168
VD,2.02203E+13,36998
VD,2.02203E+13,37042
VD,2.02203E+13,37017
VD,2.02203E+13,37032
VD,2.02203E+13,37006
VD,2.02203E+13,36884
VD,2.02203E+13,36791
VD,2.02203E+13,36751
VD,2.02203E+13,36660
VD,2.02203E+13,36591
VD,2.02203E+13,36473
VD,2.02203E+13,36395
VD,2.02203E+13,36377
VD,2.02203E+13,36269
VD,2.02203E+13,36217
VD,2.02203E+13,36031
VD,2.02203E+13,35969
VD,2.02203E+13,35830
VD,2.02203E+13,35589
VD,2.02203E+13,35429
VD,2.02203E+13,35182
VD,2.02203E+13,34989
VD,2.02203E+13,34840
VD,2.02203E+13,34741
VD,2.02203E+13,34668
VD,2.02203E+13,34655
VD,2.02203E+13,34443
VD,2.02203E+13,34232
VD,2.02203E+13,34195
VD,2.02203E+13,34001
VD,2.02203E+13,33848
VD,2.02203E+13,33791
VD,2.02203E+13,33775
VD,2.02203E+13,33692
VD,2.02203E+13,33676
VD,2.02203E+13,33626
VD,2.02203E+13,33577
VD,2.02203E+13,33572
VD,2.02203E+13,33507
VD,2.02203E+13,33441
VD,2.02203E+13,33559
VD,2.02203E+13,33508
VD,2.02203E+13,33554
VD,2.02203E+13,33671
VD,2.02203E+13,33744
VD,2.02203E+13,33647
VD,2.02203E+13,33697
VD,2.02203E+13,33728
VD,2.02203E+13,33599
VD,2.02203E+13,33431
VD,2.02203E+13,33341
VD,2.02203E+13,33287
VD,2.02203E+13,33442
VD,2.02203E+13,33703
VD,2.02203E+13,33953
VD,2.02203E+13,34199
VD,2.02203E+13,34421
VD,2.02203E+13,34568
VD,2.02203E+13,35033
VD,2.02203E+13,35268
VD,2.02203E+13,35442
VD,2.02203E+13,35826
VD,2.02203E+13,36287
VD,2.02203E+13,36429
VD,2.02203E+13,37006
VD,2.02203E+13,37237
VD,2.02203E+13,37335
VD,2.02203E+13,37692
VD,2.02203E+13,38047
VD,2.02203E+13,38352
VD,2.02203E+13,38738
VD,2.02203E+13,39085
VD,2.02203E+13,39271
VD,2.02203E+13,39700
VD,2.02203E+13,39896
VD,2.02203E+13,40011
VD,2.02203E+13,40119
VD,2.02203E+13,40361
VD,2.02203E+13,40383
VD,2.02203E+13,40464
VD,2.02203E+13,40682
VD,2.02203E+13,41043
VD,2.02203E+13,41069
VD,2.02203E+13,41229
VD,2.02203E+13,41384
VD,2.02203E+13,41581
VD,2.02203E+13,41825
VD,2.02203E+13,41971
VD,2.02203E+13,42028
VD,2.02203E+13,42006
VD,2.02203E+13,42021
VD,2.02203E+13,42058
VD,2.02203E+13,41906
VD,2.02203E+13,41705
VD,2.02203E+13,41736
VD,2.02203E+13,41457
VD,2.02203E+13,41136
VD,2.02203E+13,40904
VD,2.02203E+13,40867
VD,2.02203E+13,40698
VD,2.02203E+13,40517
VD,2.02203E+13,40193
VD,2.02203E+13,39997
VD,2.02203E+13,39756
VD,2.02203E+13,39223
VD,2.02203E+13,38904
VD,2.02203E+13,38783
VD,2.02203E+13,38897
VD,2.02203E+13,38516
VD,2.02203E+13,38242
VD,2.02203E+13,37787
VD,2.02203E+13,37533
VD,2.02203E+13,37434
VD,2.02203E+13,36924
VD,2.02203E+13,36591
VD,2.02203E+13,36365
VD,2.02203E+13,36237
VD,2.02203E+13,35765
VD,2.02203E+13,35713
VD,2.02203E+13,35483
VD,2.02203E+13,35104
VD,2.02203E+13,34763
VD,2.02203E+13,34380
VD,2.02203E+13,34012
VD,2.02203E+13,33822
VD,2.02203E+13,33471
VD,2.02203E+13,33087
VD,2.02203E+13,32647
VD,2.02203E+13,32408
VD,2.02203E+13,32539
VD,2.02203E+13,32704
VD,2.02203E+13,32731
VD,2.02203E+13,32338
VD,2.02203E+13,31970
VD,2.02203E+13,31629
VD,2.02203E+13,31358
VD,2.02203E+13,31067
